
/*Insert poc values if neccesary for events table*/
INSERT INTO `fms`.`event` (`event_id`, `base_location`, `beneficiary_name`, `council_name`, `event_name`, `event_description`, `event_date`, `employee_id`, `employee_name`, `volunteer_hours`, `travel_hours`, `lives_impacted`, `business_unit`, `status`, `summary_id`) VALUES ('EVNT00047261', 'Singapore', 'KWONG WAI SHIU HOSPITAL', 'Outreach Singapore', 'Bags of Joy Distribution', '\"Thank you for all your donations of food items to make this a good Xmas for everyone', '2015-12-18', '785612', 'Bob', '4', '2', '800', 'Banking & Financial Services', 'approved', '2');
INSERT INTO `fms`.`event` (`event_id`, `base_location`, `beneficiary_name`, `council_name`, `event_name`, `event_description`, `event_date`, `employee_id`, `employee_name`, `volunteer_hours`, `travel_hours`, `lives_impacted`, `business_unit`, `status`, `summary_id`) VALUES ('EVNT00046103', 'Chennai', 'Kamarajar Illam,Tambaram', 'Chennai BFS Outreach', 'Be a Teacher @ Kamarajar Illam', 'Teach various subjects to the students in Kamarajar Illam', '2001-12-13', '678590', 'Tom', '3', '7', '30', 'Intelligent Automation & Tech', 'Approved', '1');
INSERT INTO `fms`.`event` (`event_id`, `base_location`, `beneficiary_name`, `council_name`, `event_name`, `event_description`, `event_date`, `employee_id`, `employee_name`, `volunteer_hours`, `travel_hours`, `lives_impacted`, `business_unit`, `status`, `summary_id`) VALUES ('EVNT00046385', 'United Kingdom', 'St. Edward’s Primary School', 'Outreach UK', 'Christmas fair to save a school', 'The school is hosting a Christmas Fayre to raise money to refurbish their swimming pool', '2018-09-18', '435618', 'Merin', '9', '10', '200', 'Quality Engineering &Assurance', 'Approved', '3');
INSERT INTO `fms`.`event` (`event_id`, `base_location`, `beneficiary_name`, `council_name`, `event_name`, `event_description`, `event_date`, `employee_id`, `employee_name`, `volunteer_hours`, `travel_hours`, `lives_impacted`, `business_unit`, `status`, `summary_id`) VALUES ('EVNT00046611', 'Coimbatore', 'Panchayat Union Primary School', 'Chennai RCG Outreach', 'Be a Teacher', 'To teach english to 4th std students', '2019-10-02', '138092', 'Helen', '9', '10', '200', 'AVM-AIA- DI', 'Approved', '4');
INSERT INTO `fms`.`event` (`event_id`, `base_location`, `beneficiary_name`, `council_name`, `event_name`, `event_description`, `event_date`, `employee_id`, `employee_name`, `volunteer_hours`, `travel_hours`, `lives_impacted`, `business_unit`, `status`, `summary_id`) VALUES ('EVNT00046103', 'Chennai', 'Kamarajar Illam,Tambaram', 'Chennai BFS Outreach', 'Be a Teacher @ Kamarajar Illam', 'Teach various subjects to the students in Kamarajar Illam', '2001-12-13', '689082', 'Roshan', '3', '7', '30', 'APAC Leadership & Operations ', 'Approved', '1');
INSERT INTO `fms`.`event` (`event_id`, `base_location`, `beneficiary_name`, `council_name`, `event_name`, `event_description`, `event_date`, `employee_id`, `employee_name`, `volunteer_hours`, `travel_hours`, `lives_impacted`, `business_unit`, `status`, `summary_id`) VALUES ('EVNT00046103', 'Chennai', 'Kamarajar Illam,Tambaram', 'Chennai BFS Outreach', 'Be a Teacher @ Kamarajar Illam', 'Teach various subjects to the students in Kamarajar Illam', '2001-12-13', '678234', 'Ahmed', '3', '7', '30', 'Comms Media ', 'Approved', '1');
INSERT INTO `fms`.`event` (`event_id`, `base_location`, `beneficiary_name`, `council_name`, `event_name`, `event_description`, `event_date`, `employee_id`, `employee_name`, `volunteer_hours`, `travel_hours`, `lives_impacted`, `business_unit`, `status`, `summary_id`) VALUES ('EVNT00047261', 'Singapore', 'KWONG WAI SHIU HOSPITAL', 'Outreach Singapore', 'Bags of Joy Distribution', '\"Thank you for all your donations of food items to make this a good Xmas for everyone', '2015-12-18', '608543', 'Sherin', '4', '2', '800', 'Life Science', 'approved', '2');
INSERT INTO `fms`.`event` (`event_id`, `base_location`, `beneficiary_name`, `council_name`, `event_name`, `event_description`, `event_date`, `employee_id`, `employee_name`, `volunteer_hours`, `travel_hours`, `lives_impacted`, `business_unit`, `status`, `summary_id`) VALUES ('EVNT00046385', 'United Kingdom', 'St. Edward’s Primary School', 'Outreach UK', 'Christmas fair to save a school', 'The school is hosting a Christmas Fayre to raise money to refurbish their swimming pool', '2018-09-18', '176523', 'Kelix', '9', '10', '200', 'Insurance', 'Approved', '3');

/*Event Summary insertion*/
INSERT INTO `fms`.`event_summary` (`summary_id`, `event_id`, `month`, `base_location`, `beneficiary_name`, `venue_address`, `council_name`, `project`, `category`, `event_name`, `event_description`, `event_date`, `total_no_of_volunteers`, `total_volunteer_hours`, `total_travel_hours`, `overall_volunteer_hours`, `lives_impacted`, `activity_type`, `status`, `poc_id`, `poc_name`, `poc_contactnumber`) VALUES ('1', 'EVNT00047261', 'Dec', 'Singapore', 'KWONG WAI SHIU HOSPITAL', '705, Serangoon Road, Singapore, Singapore, Singapore-328127', 'Outreach Singapore', 'Donation or Distribution', 'Essentials or relief', 'Bags of Joy Distribution', '\"Thank you for all your donations of food items to make this a good Xmas for everyone', '2015-12-18', '21', '88', '42', '130', '800', '1', 'Approved', '802456', 'Azhar', '9786730981');
INSERT INTO `fms`.`event_summary` (`summary_id`, `event_id`, `month`, `base_location`, `beneficiary_name`, `venue_address`, `council_name`, `project`, `category`, `event_name`, `event_description`, `event_date`, `total_no_of_volunteers`, `total_volunteer_hours`, `total_travel_hours`, `overall_volunteer_hours`, `lives_impacted`, `activity_type`, `status`, `poc_id`, `poc_name`, `poc_contactnumber`) VALUES ('2', 'EVNT00046103', 'Dec', 'Chennai', 'Kamarajar Illam,Tambaram', 'Gandhi Rd, Ranganathapuram, Tambaram, Tambaram, , , India-600045', 'Chennai BFS Outreach', 'Be a Teacher', 'Multiple Subjects', 'Be a Teacher @ Kamarajar Illam', 'Teach various subjects to the students in Kamarajar Illam', '2001-12-18', '14', '28', '14', '42', '30', '3', 'Approved', '789456', 'Richard', '8673098251');
INSERT INTO `fms`.`event_summary` (`summary_id`, `event_id`, `month`, `base_location`, `beneficiary_name`, `venue_address`, `council_name`, `project`, `category`, `event_name`, `event_description`, `event_date`, `total_no_of_volunteers`, `total_volunteer_hours`, `total_travel_hours`, `overall_volunteer_hours`, `lives_impacted`, `activity_type`, `status`, `poc_id`, `poc_name`, `poc_contactnumber`) VALUES ('3', 'EVNT00046385', 'Dec', 'United Kingdom', 'St. Edward’s Primary School', 'Havering Drive, Havering Drive, , , Romford-RM1 4BT', 'Outreach UK', 'Christmas fair', 'Community Program', 'Christmas fair to save a school', 'The school is hosting a Christmas Fayre to raise money to refurbish their swimming pool that is used by the children in the local community', '2001-12-18', '4', '24', '0', '24', '0', '3', 'Approved', '543678', 'Reena', '7690342190');
INSERT INTO `fms`.`event_summary` (`summary_id`, `event_id`, `month`, `base_location`, `beneficiary_name`, `venue_address`, `council_name`, `project`, `category`, `event_name`, `event_description`, `event_date`, `total_no_of_volunteers`, `total_volunteer_hours`, `total_travel_hours`, `overall_volunteer_hours`, `lives_impacted`, `activity_type`, `status`, `poc_id`, `poc_name`, `poc_contactnumber`) VALUES ('4', 'EVNT00046611', 'Dec', 'Coimbatore', 'Panchayat Union Primary Schools', '20th Cross Street,Anna Salai,Coimbatore', 'Chennai RCG Outreach', 'Be a Teacher', 'Community Program', 'Be a Teacher', 'To teach english to 4th std students', '2001-12-28', '5', '28', '0', '28', '0', '6', 'Approved', '678453', 'Rachel', '6783450980');

/*Event Table Updation*/
UPDATE `fms`.`event` SET `poc_id`='802468' WHERE `event_no`='1';
UPDATE `fms`.`event` SET `poc_id`='678465' WHERE `event_no`='2';
UPDATE `fms`.`event` SET `poc_id`='564890' WHERE `event_no`='3';
UPDATE `fms`.`event` SET `poc_id`='802468' WHERE `event_no`='4';
UPDATE `fms`.`event` SET `poc_id`='890345' WHERE `event_no`='5';
UPDATE `fms`.`event` SET `poc_id`='802468' WHERE `event_no`='6';
UPDATE `fms`.`event` SET `poc_id`='678465' WHERE `event_no`='7';
UPDATE `fms`.`event` SET `poc_id`='564890' WHERE `event_no`='8';

/*Feedback questions insertions*/
INSERT INTO `fms`.`feedback_ques` (`ques_id`, `feedback_type`, `feedback_ques`) VALUES ('1', 'Unregistered', 'Hey there, Please share your feedback for unregistering the event');
INSERT INTO `fms`.`feedback_ques` (`ques_id`, `feedback_type`, `feedback_ques`) VALUES ('2', 'Not participated', 'Hey there, please share your feedback for not participating in the event');
INSERT INTO `fms`.`feedback_ques` (`ques_id`, `feedback_type`, `feedback_ques`) VALUES ('3', 'participated', 'What did you like about the volunteering activity?');
INSERT INTO `fms`.`feedback_ques` (`ques_id`, `feedback_type`, `feedback_ques`) VALUES ('4', 'participated', 'What can be improved in the volunteering activity?');
INSERT INTO `fms`.`feedback_ques` (`ques_id`, `feedback_type`, `feedback_ques`) VALUES ('5', 'participated', 'What is your rating for the activity?');

/*feedback_ans insertion*/
INSERT INTO `fms`.`feedback_ans` (`ans_id`, `feedback_ans`, `rating`, `ques_id`, `event_no`) VALUES ('14', 'unregistered due to official work',null, '1','EVNT00047261');
INSERT INTO `fms`.`feedback_ans` (`ans_id`, `feedback_ans`, `ques_id`, `event_no`) VALUES ('2', 'not paticipated because i was sick', '2','EVNT00046103');
INSERT INTO `fms`.`feedback_ans` (`ans_id`, `feedback_ans`, `rating`, `ques_id`, `event_no`) VALUES ('3', 'teaching was good', '5', '3','EVNT00047261');
INSERT INTO `fms`.`feedback_ans` (`ans_id`, `feedback_ans`, `rating`, `ques_id`, `event_no`) VALUES ('4', 'food was not good', '2', '3','EVNT00046103');
INSERT INTO `fms`.`feedback_ans` (`ans_id`, `feedback_ans`, `rating`, `ques_id`, `event_no`) VALUES ('5', 'more time on field', '3', '3','EVNT00046385');
INSERT INTO `fms`.`feedback_ans` (`ans_id`, `feedback_ans`, `ques_id`, `event_no`) VALUES ('6', 'Too much distance', '1', 'EVNT00046103');
INSERT INTO `fms`.`feedback_ans` (`ans_id`, `feedback_ans`, `ques_id`, `event_no`) VALUES ('7', 'No proper travel facility', '2', 'EVNT00046103');
INSERT INTO `fms`.`feedback_ans` (`ans_id`, `feedback_ans`, `rating`, `ques_id`, `event_no`) VALUES ('8', 'had good time with them', '4', '3', 'EVNT00046611s');
INSERT INTO `fms`.`feedback_ans` (`ans_id`, `feedback_ans`, `rating`, `ques_id`, `event_no`) VALUES ('9', 'planning is not good', '2', '3', 'EVNT00047261');
INSERT INTO `fms`.`feedback_ans` (`ans_id`, `feedback_ans`, `ques_id`, `event_no`) VALUES ('10', 'went Outstation', '2', 'EVNT00047261');
INSERT INTO `fms`.`feedback_ans` (`ans_id`, `feedback_ans`, `rating`, `ques_id`, `event_no`) VALUES ('11', 'Good experince', '5', '3', 'EVNT00047261');
INSERT INTO `fms`.`feedback_ans` (`ans_id`, `feedback_ans`, `ques_id`, `event_no`) VALUES ('12', 'i\'m unwell', '2', 'EVNT00047261');
INSERT INTO `fms`.`feedback_ans` (`ans_id`, `feedback_ans`, `ques_id`, `event_no`) VALUES ('13', 'no further information', '1', 'EVNT00047261');

/*user table insertion*/
INSERT INTO `fms`.`user` (`id`, `username`, `password`, `role_id`) VALUES ('1', 'user@gmail.com', '$2a$10$R/lZJuT9skteNmAku9Y7aeutxbOKstD5xE5bHOf74M2PHZipyt3yK', 'Pmo');
INSERT INTO `fms`.`user` (`id`, `username`, `password`, `role_id`) VALUES ('2', 'Alvin', '$2a$10$R/lZJuT9skteNmAku9Y7aeutxbOKstD5xE5bHOf74M2PHZipyt3yK', 'poc');
INSERT INTO `fms`.`user` (`id`, `username`, `password`, `role_id`) VALUES ('3', 'Simon', '$2a$10$R/lZJuT9skteNmAku9Y7aeutxbOKstD5xE5bHOf74M2PHZipyt3yK', 'pmo');
INSERT INTO `fms`.`user` (`id`, `username`, `password`, `role_id`) VALUES ('4', 'Theodre', '$2a$10$R/lZJuT9skteNmAku9Y7aeutxbOKstD5xE5bHOf74M2PHZipyt3yK', 'participant');

